District,Lat,Lon,Counts,SPI6_201609,SPI6_201703,nls_sqkm
Adilabad,19.658,78.534,10,1.4549327,-0.54150426,5.316421978
Agar Malwa,23.714,76.009,1,1.9002062,1.2573256,0.896131943
Agra,27.182,78.006,35,0.47651264,0.1806731,10.3810412
Aizawl,23.728,92.717,5,0.020695351,1.1953756,0.897038954
Ajmer,26.412,74.686,19,1.5160027,1.9059509,5.874095782
Akola,20.701,77.066,5,1.0429815,-0.3723324,6.196804011
Alappuzha,9.514,76.328,8,-1.1747947,-2.385819,16.36036883
Aligarh,27.881,78.075,29,1.0835416,-0.26815757,4.712796062
Alipurduar,26.682,89.347,3,1.1487577,0.2323222,4.137318694
Alirajpur,22.306,74.355,1,0.8463159,1.1339679,0.660031227
Allahabad,25.446,81.854,32,1.5938209,-0.23950219,8.123120906
Almora,29.597,79.659,2,0.7686884,-0.91118515,3.396248913
Alwar,27.715,76.452,13,0.9439333,0.045456745,10.80039474
Ambala,30.374,76.863,44,0.5884305,0.74254155,15.93217859
Ambedkar Nagar,26.43,82.534,3,0.10850816,-0.3178945,3.378527296
Amethi,26.228,81.771,8,0.7665421,-0.2952484,2.54808999
Amravati,20.933,77.75,2,0.94950616,-0.36193156,4.755405041
Amreli,21.501,71.211,5,-0.45936227,1.9638857,5.743955571
Amritsar,31.643,74.869,151,1.3047432,0.23290704,16.4199408
Amroha,28.864,78.397,8,0.57803226,-0.4440885,4.745138271
Anand,22.511,72.935,4,0.67542785,2.2918134,10.24566123
Anantapur,14.519,77.607,7,-0.5735196,-2.4387782,6.201217667
Anantnag,33.739,75.165,145,0.51943916,0.3263133,0.922558927
Anuppur,23.114,81.697,1,1.3163544,-0.9015469,6.026389501
Araria,26.215,87.357,6,1.5134778,0.90776336,1.543045626
Aravalli,23.464,73.3,2,1.4308336,2.363619,4.315117687
Ariyalur,11.138,79.076,13,1.3294166,-2.2284522,10.56790737
Arwal,25.244,84.666,4,1.5108111,0.39546615,0.867526631
Ashoknagar,24.577,77.731,1,1.7505752,0.57100904,1.032114607
Auraiya,26.465,79.509,2,0.5298624,-0.27707335,5.574692094
Azamgarh,26.002,83.108,2,0.7376107,-0.32834727,1.966139846
Bagalkot,16.245,75.567,8,0.48188332,-1.7071701,8.660737573
Bageshwar,29.858,79.719,3,0.41115522,-0.8817739,1.193605136
Baghpat,28.98,77.229,9,0.29493037,-0.4737,8.078255327
Bahraich,27.574,81.595,2,0.10599731,-0.61442035,0.251979316
Baksa,26.645,91.384,9,-0.941448,-0.9113014,0.38577891
Balaghat,21.711,80.306,3,0.43174514,-0.91068965,1.785423285
Balangir,20.656,83.37,10,-0.4924102,-0.110647194,1.719025093
Ballia,25.78,84.079,10,0.9695639,-0.092065044,1.848114765
Balod,20.731,81.206,1,0.29432902,-0.23359273,4.040848781
Banas Kantha,24.237,72.228,12,0.37021306,2.3197274,4.567618924
Banka,24.936,86.95,3,0.96915495,-0.39619324,0.517276083
Bankura,23.398,87.09,2,1.011232,-1.3454474,4.279472913
Banswara,23.541,74.442,3,1.7699273,2.2179084,3.510425134
Barabanki,26.924,81.179,7,0.20677085,-0.5320275,3.154916509
Baramulla,34.21,74.377,156,-0.2002838,-0.27159056,2.06744085
Baran,25.134,76.458,4,1.9902434,1.1230142,4.306235448
Bareilly,28.336,79.423,23,0.4919586,-0.66690874,4.53141728
Bargarh,21.24,83.45,7,-1.0853575,-0.38536152,2.102863285
Barmer,25.667,71.399,7,0.82378936,1.4875624,1.03518224
Barnala,30.364,75.524,20,0.8897088,-0.50178146,11.39937952
Barpeta,26.373,91.056,19,-0.81836784,-0.69328237,1.288085683
Barwani,22.032,74.9,5,0.83692706,0.94361866,1.443244493
Bastar,19.038,82.008,11,0.6397487,-0.76352483,1.467446593
Basti,26.795,82.472,1,0.24936664,-0.06899119,3.157052891
Bathinda,30.204,74.993,331,0.3911851,-0.9686904,14.58514552
Begusarai,25.416,86.13,3,1.2709823,0.21931136,5.120583805
Belgaum,15.854,74.59,38,0.19333594,-1.27156,8.314301756
Bemetara,21.716,81.534,1,-0.024739644,-0.7204824,8.143366329
Betul,21.9,77.902,1,1.1214436,-0.3642639,1.49077747
Bhadrak,21.013,86.575,11,0.10786192,-0.16628358,3.835273919
Bhagalpur,25.256,87.016,12,1.3123158,-0.38845026,4.381286289
Bharatpur,27.235,77.437,16,1.1870215,0.3855315,8.861606248
Bharuch,21.658,72.923,3,0.3815701,2.0359457,11.39042473
Bhavnagar,21.738,72.118,4,-0.13608854,2.0682766,6.827283919
Bhilwara,25.347,74.641,2,1.9563042,2.0291848,3.374836972
Bhind,26.56,78.786,4,0.7010008,0.14593509,2.194171132
Bhiwani,28.82,76.128,20,0.7047857,-0.4562929,9.636370192
Bhojpur,25.503,84.633,16,1.4567981,0.30917075,1.803918619
Bhopal,23.255,77.403,43,2.1879842,-0.05288045,10.61547332
Bidar,17.913,77.53,6,0.9966103,-1.1403375,7.619584499
Bijnor,29.378,78.157,22,0.42982993,-0.30498463,2.86332808
Bikaner,28.018,73.315,5,1.0404874,0.4070465,1.849153642
Birbhum,23.86,87.558,11,0.18757617,-1.4217277,6.599690368
Bishnupur,24.625,93.78,13,1.2215443,1.1896939,2.737310869
Bokaro,23.686,86.085,14,1.6952568,-1.1554165,8.348205887
Bongaigaon,26.492,90.544,19,-0.08493457,-0.36675933,2.278310731
Botad,22.177,71.665,4,-0.39368162,1.9919342,6.736266147
Budaun,28.088,79.055,7,0.3861277,-0.5095373,1.018994824
Bulandshahr,28.354,77.867,14,0.91158605,-0.24454893,6.474010463
Bundi,25.438,75.637,2,2.157349,1.3124906,3.503097065
Burhanpur,21.32,76.222,1,1.1760938,-0.024738606,1.748013169
Buxar,25.575,83.98,4,1.3449143,0.16719869,1.805449745
Cachar,24.833,92.786,52,0.552006,1.4312459,2.015480516
Chamba,32.555,76.101,7,0.75852597,0.33806857,0.737022967
Chamoli,30.352,79.363,9,0.4877607,-0.53247446,0.357133456
Champawat,29.316,80.059,6,1.0648452,-1.1776177,0.718943314
Champhai,23.458,93.328,1,-0.06269742,1.1587571,0.100445359
Chandauli,25.267,83.219,3,1.8167337,-0.14418332,3.75851552
Chandel,24.244,94.142,18,0.3693434,0.9827561,0.147606249
Chandigarh,30.736,76.788,233,0.45122075,0.6886552,50.46383355
Chandrapur,20.118,79.444,1,1.0301287,-0.22940747,4.67237206
Changlang,27.207,95.815,5,0.3125917,-0.051413756,0.616525642
Chatra,24.168,84.857,9,2.1667926,0.470544,0.506464735
Chennai,13.085,80.277,136,-0.20452484,-2.2694218,70.7321213
Chhatarpur,24.695,79.488,3,1.701983,-1.0788007,2.085070475
Chhindwara,22.057,78.938,1,0.9108208,-0.6184284,2.084051687
Chirang,26.535,90.508,19,-0.043228183,-0.5077705,2.754729351
Chitradurga,14.211,76.437,17,-0.88129514,-2.181688,5.658825655
Chittoor,13.551,79.367,20,-0.51925063,-2.1237304,8.554502655
Churachandpur,24.344,93.622,12,1.0433549,1.2327377,0.266808882
Churu,28.304,74.967,3,0.5519764,-0.007449818,4.60265613
Coimbatore,10.991,76.972,126,-2.3515313,-1.7388997,15.05543654
Cuddalore,11.622,79.661,6,0.9811229,-2.607219,16.87913682
Cuttack,20.471,85.908,12,0.041281924,-0.36772877,9.010516403
Dadra and Nagar Haveli,20.067,73.176,1,0.17324509,0.28083652,21.53294069
Dahod,22.796,74.16,7,1.1176614,2.1393862,4.139564491
Dakshin Dinajpur,25.221,88.777,1,0.71484137,0.047366288,6.155040742
Dakshina Kannada,12.903,74.889,34,-1.6776677,-2.9899049,7.936090659
Daman,20.414,72.832,1,-0.052280467,0.4738744,56.77721205
Damoh,23.838,79.442,1,2.0025828,-1.1749622,2.912615371
Dantewada,18.814,81.41,21,0.8001949,-0.9955888,1.625983246
Darbhanga,26.165,85.921,9,1.2712725,0.36285654,3.160906047
Darrang,26.45,92.027,23,-1.1138985,-0.63346,2.363160999
Datia,25.666,78.46,1,0.8251399,0.5086981,3.251197954
Dausa,26.937,76.501,3,1.1892343,0.75718385,11.73411153
Davanagere,14.467,75.927,1,-0.46016887,-1.7335519,6.471693879
Dehradun,30.324,78.034,172,0.4118748,0.21445401,8.611219715
Deoghar,24.49,86.699,3,1.2589405,-0.9524516,2.772412137
Deoria,26.475,83.749,5,0.8095509,-0.44870153,3.991929987
Dewas,22.966,76.055,2,1.6215297,0.51950413,2.218252123
Dhalai,23.877,91.882,13,0.15018044,1.9825858,1.791722566
Dhamtari,20.707,81.549,1,-0.12783977,-0.34913898,3.371235198
Dhanbad,23.802,86.443,9,1.5371838,-1.2217762,15.76851583
Dhar,22.603,75.173,4,1.5107424,1.0155011,2.106076598
Dharmapuri,12.112,78.2,29,-0.55881596,-2.10476,6.851514473
Dharwad,15.392,75.096,38,-0.064965054,-1.6195393,8.335563702
Dhemaji,27.579,94.726,31,-1.4047035,-0.016477885,0.335430283
Dhenkanal,20.736,85.627,8,-0.05884276,-0.28035262,4.806527334
Dhubri,25.947,89.963,23,0.8373843,-0.21346162,0.742565749
Dhule,20.901,74.777,1,0.59005344,0.6926909,3.202929098
Dibrugarh,27.411,95.018,74,-1.2066212,-0.043891925,8.765370422
Dima Hasao,25.186,92.998,19,0.39589965,0.31758887,0.584108402
Dimapur,25.917,93.721,10,1.0656571,0.017051792,5.342946003
Dindigul,10.362,77.906,60,-1.2734113,-1.8385284,8.950996764
Dindori,22.942,81.077,1,0.83660966,-1.3908563,0.339306249
Doda,33.087,75.641,39,0.85453236,0.5006133,0.525425051
Dumka,24.356,87.245,4,0.6771708,-1.3410946,0.609870401
Durg,21.191,81.276,1,0.13477196,-0.373404,14.80033953
East Garo Hills,25.62,90.61,5,-1.0799662,0.16676608,0.591238041
East Godavari,16.979,82.135,19,0.7968369,-1.7937686,7.519970085
East Khasi Hills,25.573,91.901,27,-0.5007661,0.09867697,3.066310177
Ernakulam,9.957,76.277,51,-1.6690484,-2.1015089,21.94568154
Erode,11.331,77.708,35,-1.4189589,-2.1899798,9.749041018
Etah,27.559,78.657,8,0.15701184,-0.3338666,2.905442959
Etawah,26.803,78.992,4,0.5667673,-0.24985664,9.874424647
Faizabad,26.771,82.179,12,0.3223521,-0.21939217,3.501953235
Faridabad,28.386,77.323,14,1.0592843,-0.37216195,24.78952045
Faridkot,30.661,74.776,30,0.31465515,-0.3520129,11.73841429
Farrukhabad,27.391,79.579,3,0.26532242,-0.45169717,1.580479862
Fatehabad,29.563,75.682,16,0.5890409,-0.7795305,12.72493128
Fatehgarh Sahib,30.698,76.368,20,0.64655477,0.53311324,12.55243403
Fatehpur,25.928,80.813,1,1.1287296,-0.51508737,1.941037085
Fazilka,30.233,74.183,70,0.56454796,-0.85748583,11.48242062
Firozabad,27.14,78.445,12,0.13794808,-0.058666985,9.709755898
Gadag,15.43,75.63,2,0.17937987,-1.7375616,4.625964537
Gajapati,18.778,84.094,4,0.43828285,-0.43303916,0.65049773
Ganderbal,34.226,74.814,25,0.001960797,-0.04289174,1.156534486
Gandhinagar,23.213,72.675,30,0.6386171,2.2788913,19.97883513
Ganjam,19.332,84.889,12,0.2616713,-0.56301844,2.842989648
Garhwa,24.154,83.8,3,1.78707,-0.024116948,0.277406926
Gautam Buddha Nagar,28.479,77.537,63,1.0334975,-0.31540877,28.21254241
Gaya,24.722,84.878,22,1.9067595,0.46388203,2.51798403
Ghaziabad,28.691,77.511,35,0.57255507,-0.33238792,26.01040506
Ghazipur,25.562,83.641,4,1.2089136,-0.7025795,2.184754874
Gir Somnath,21.058,70.532,2,-0.7897347,2.089983,11.89213445
Giridih,24.186,86.247,15,1.6672925,-0.30096948,1.107765258
Goalpara,26.153,90.638,22,-0.18993534,-0.45039722,3.311192074
Godda,24.83,87.212,15,0.6549205,-0.7552042,1.6610882
Golaghat,26.51,93.913,43,0.56718606,-0.031689826,4.062769482
Gomati,23.533,91.483,6,0.28163117,1.9447889,5.212293707
Gonda,27.074,81.965,3,0.18495911,-0.06954237,2.320128504
Gopalganj,26.448,84.46,8,0.945693,-0.144009,3.163142865
Gorakhpur,26.766,83.369,11,0.56427556,0.1089648,5.878300014
Gumla,23.063,84.57,12,1.0077235,-0.3138497,0.224078077
Guna,24.635,77.297,2,1.8676282,0.81730264,2.311237083
Guntur,16.456,80.335,12,0.2903516,-2.1978948,10.0950045
Gurdaspur,32.006,75.314,31,1.1300356,0.5961099,11.71609109
Gurgaon,28.449,77.024,72,0.7109898,-0.39950165,30.40180656
Gwalior,26.23,78.173,2,0.64881665,0.47411993,5.028150327
Hailakandi,24.703,92.573,13,0.36879522,1.3042415,1.058722917
Hanumangarh,29.549,74.294,7,0.4872309,-0.90760833,5.846135446
Hapur,28.76,77.989,2,0.67231977,-0.2785604,10.12629342
Harda,22.344,77.095,3,1.4650458,0.18575813,2.862929541
Hardoi,27.395,80.132,3,0.5455743,-0.5923598,0.892183912
Hassan,12.982,76.117,19,-1.6238867,-2.5991566,6.69230517
Hathras,27.601,78.18,6,0.952001,-0.20727693,8.310020465
Haveri,14.737,75.411,1,-0.35942543,-2.193364,7.201717655
Hazaribagh,23.984,85.343,10,1.8902357,0.12596218,3.029640159
Hisar,29.177,75.811,38,0.71736,-0.49351633,11.85300758
Hoshangabad,22.603,77.655,3,1.5847579,-0.61641467,3.694846567
Hoshiarpur,31.6,75.86,26,0.810709,0.6888384,8.961957125
Hyderabad,17.387,78.458,95,1.1750758,-1.602507,66.07062474
Idukki,10.002,76.985,8,-1.8100611,-1.98609,4.709922643
Imphal East,24.811,94,23,0.9897571,1.2033951,5.93077486
Imphal West,24.794,93.926,138,1.0491319,1.0354432,8.184367724
Indore,22.718,75.836,22,1.519013,0.70663255,10.70837915
Jabalpur,23.167,79.95,4,1.1338278,-1.3016177,8.057897036
Jagatsinghapur,20.256,86.171,5,0.23177542,-0.43167397,9.412359218
Jaipur,26.918,75.789,134,1.2600982,0.7945711,13.27015648
Jaisalmer,26.991,70.971,5,0.8694859,0.7231549,0.496613737
Jalandhar,31.289,75.59,130,0.91978717,0.55961156,14.9831894
Jalgaon,21.003,75.566,2,0.81798285,0.6109393,4.32149835
Jalpaiguri,26.661,88.773,6,1.6339791,0.55871075,6.346326155
Jammu,32.732,74.862,518,0.6108809,0.5890924,12.93420956
Jamnagar,22.466,70.128,7,-0.74937,1.3885332,7.705108862
Jamtara,23.95,86.818,2,1.2398757,-1.4038587,1.632780385
Jamui,24.899,86.27,9,1.4911742,-0.16913591,0.287919899
Janjgir-Champa,22.009,82.578,1,0.346731,-0.44205624,10.78571688
Jaunpur,25.852,82.686,3,1.0742141,-0.5130405,1.984990617
Jehanabad,25.214,84.99,3,1.3733447,0.36849558,3.388429815
Jhabua,22.956,74.731,3,1.4316893,1.7591118,1.116043963
Jhajjar,28.62,76.697,38,0.65325177,-0.4084381,14.14771589
Jhalawar,24.596,76.165,2,2.000786,1.3987778,3.88899148
Jhansi,25.428,78.668,7,1.263652,0.03025464,3.543273983
Jharsuguda,21.854,84.011,4,-0.19762062,-0.63830996,8.940120328
Jind,29.33,76.322,15,0.5851135,-0.3743425,12.2365621
Jodhpur,26.276,73.052,17,0.8415337,1.5245922,3.718050636
Jorhat,26.76,94.217,40,0.13061015,0.07556826,2.840680313
Junagadh,21.476,70.418,5,-0.5375043,1.7107403,6.0884596
Kachchh,23.311,69.727,9,-0.38039607,1.9582669,2.09601769
Kaimur,25.042,83.559,4,1.6899003,0.19529131,1.008754836
Kaithal,29.786,76.382,71,0.6078646,-0.130409,13.81536746
Kalahandi,19.907,83.162,6,-0.3021735,-0.018675959,0.97580604
Kamrup,26.329,91.663,19,-1.1128757,-0.35522816,4.52922688
Kamrup Metropolitan,26.175,91.787,161,-0.9977913,-0.48221222,16.11394547
Kandhamal,20.413,84.142,8,-0.3795072,-0.03730965,0.156655402
Kangra,32.184,76.25,64,0.6926138,0.49092373,4.29833684
Kannauj,27.055,79.919,2,0.5198141,-0.42616868,6.462441772
Kannur,11.895,75.391,37,-2.1238778,-2.9396346,8.22077478
Kanpur Dehat,26.38,79.937,2,0.8527363,-0.39039573,2.406550716
Kanpur Nagar,26.482,80.337,22,0.90391815,-0.34812412,7.465227356
Kapurthala,31.247,75.663,42,0.88433516,0.38852414,11.67873104
Karaikal,10.917,79.833,4,1.0878845,-2.392887,32.15348272
Karbi Anglong,25.86,93.299,16,0.45228794,-0.19522788,0.643575362
Kargil,34.545,76.089,10,0.7950437,0.4368102,0.068770745
Karimganj,24.843,92.37,12,0.055934783,1.276889,1.240999172
Karimnagar,18.521,79.059,9,1.3708522,-1.0138954,10.47246246
Karnal,29.674,76.969,77,0.64226705,0.18177934,16.83815197
Karur,10.933,78.108,14,-0.5975598,-2.1499119,10.39348211
Kasaragod,12.469,75.019,23,-1.9376692,-3.09,6.828046776
Kathua,32.408,75.489,41,0.84752226,0.6932613,5.155777282
Katihar,25.552,87.571,3,1.4599198,-0.06698002,1.697718962
Katni,23.833,80.405,4,1.5570302,-1.2238563,4.786764999
Kendrapara,20.553,86.455,14,0.20556568,-0.43218243,5.175951406
Kendujhar,21.639,85.587,7,-0.13395928,-0.36311376,2.761473492
Khagaria,25.511,86.477,1,1.1721168,0.2746798,1.235620307
Khammam,17.317,80.311,21,0.85455626,-1.7606937,5.249165952
Kheda,22.781,72.847,3,0.7871448,2.1211321,8.053827028
Khordha,20.265,85.817,85,0.024589248,-0.500731,9.844021752
Khowai,23.922,91.603,2,-0.12099732,1.8324258,5.459719253
Khunti,23.046,85.262,11,1.0304796,-1.079819,0.300176825
Kinnaur,31.539,78.268,1,0.6516809,0.017323097,0.260805329
Kiphire,25.869,94.786,2,0.35611516,-0.1964922,0.090771787
Kishanganj,26.102,87.955,1,2.0180387,0.9380126,1.868318781
Kishtwar,33.304,75.781,33,0.612125,0.4625774,0.0793484
Kodagu,12.424,75.738,2,-2.2564712,-2.7216415,1.88212166
Kohima,25.658,94.105,14,0.7102487,-0.29393265,1.350207318
Kokrajhar,26.407,90.25,29,0.5242184,-0.1814518,1.79618947
Kolar,13.137,78.129,1,-0.80987096,-1.9273579,11.88925522
Kolhapur,16.706,74.221,11,0.32545874,-1.5639864,9.79967905
Kolkata,22.573,88.375,134,0.07313757,-0.37502608,63.18639988
Kollam,8.914,76.622,22,-1.2540853,-2.2543712,13.49079424
Kondagaon,19.398,81.55,4,0.58039457,-0.36656773,0.258373397
Koraput,18.779,82.905,11,0.8011042,-0.7106602,1.33225161
Korba,22.346,82.696,1,0.5943417,-0.64473504,5.069339191
Kota,25.184,75.852,15,2.044785,1.2212529,7.664674201
Kottayam,9.618,76.567,18,-1.2922506,-2.2534118,11.64883535
Kozhikode,11.395,75.778,45,-1.7587892,-2.866272,10.66428596
Krishna,16.493,80.683,46,0.40532646,-2.13325,11.37838148
Krishnagiri,12.543,78.161,33,-1.0206019,-2.0581546,8.014868602
Kulgam,33.668,75.029,87,0.41793045,0.2685844,0.662655605
Kullu,31.874,77.217,13,0.6290353,0.20569128,1.211055087
Kupwara,34.481,74.203,102,-0.059938617,-0.2529163,0.367468152
Kurnool,15.731,78.028,23,0.05499974,-2.8208148,5.000204855
Kurukshetra,29.988,76.883,22,0.669505,0.37489957,14.91875329
Kushinagar,26.822,83.934,4,0.9134402,0.2268683,2.480631105
Lakhimpur,27.218,94.102,25,-0.35841566,-0.04265752,0.678914922
Lakhisarai,25.185,86.154,9,1.6217752,0.14279434,0.988252984
Latehar,23.778,84.479,16,1.8692349,-0.02546918,0.436581702
Latur,18.397,76.568,1,1.1310716,-0.5194989,6.298770635
Lohardaga,23.441,84.684,4,1.4282483,-0.23735105,1.369876706
Longding,26.862,95.304,6,-0.02971108,0.41791764,0
Longleng,26.49,94.816,1,0.019131253,0.21263693,0.114496023
Lucknow,26.839,80.924,247,0.3783262,-0.8219577,17.41229244
Ludhiana,30.885,75.869,247,0.99899846,0.30978575,16.78264089
Madhepura,25.921,86.793,4,1.4193449,0.20443639,3.047241484
Madhubani,26.401,86.12,9,1.0751531,0.34542084,2.922014693
Madurai,9.941,78.108,59,-0.75538355,-1.9929479,12.47114925
Mahendragarh,28.202,76.155,18,0.63136816,-0.6762101,12.50547114
Mahoba,25.29,79.875,2,1.4479349,-0.5064073,1.927626125
Mainpuri,27.233,79.021,11,0.19917631,-0.31865665,6.95087653
Malappuram,11.043,76.02,17,-1.3835664,-2.591503,8.893074318
Malkangiri,18.271,81.96,28,0.53232586,-1.355295,0.54738685
Mandi,31.664,76.936,37,0.63317245,0.50151664,3.600288108
Mandla,22.599,80.371,2,0.7073714,-1.4361349,1.021590761
Mandsaur,24.111,75.177,10,2.0504892,1.8504897,2.235645074
Mandya,12.539,76.879,35,-1.2775967,-2.538601,9.541710002
Mansa,29.958,75.426,44,0.68542534,-0.8712787,11.00941564
Mathura,27.534,77.672,14,1.2716866,-0.083682194,9.82928205
Mau,25.999,83.552,5,0.9834332,-0.6491143,4.188220175
Mayurbhanj,21.99,86.635,6,0.38669857,-0.46360338,0.738175912
Medak,17.723,78.171,6,1.0113705,-1.3633639,11.77953167
Meerut,28.983,77.735,46,0.31615043,-0.36502776,10.37263947
Mewat,28.099,76.994,4,1.0171154,-0.31291336,11.56904024
Mirzapur,25.139,82.571,5,2.0019753,-0.03437021,2.097006637
Moga,30.78,75.182,39,0.77012676,-0.1495207,11.3966661
Mokokchung,26.325,94.518,3,0.1840596,0.11988879,0.502041549
Mon,26.809,95.055,2,-0.02095613,0.33137003,0.105378856
Moradabad,28.853,78.792,13,0.7632772,-0.5680673,6.429361619
Morbi,22.801,70.902,6,-0.41429877,1.6894559,7.007400189
Morena,26.499,77.995,2,0.6464336,0.42266226,2.732555692
Morigaon,26.225,92.309,13,-1.2037498,-0.51448786,1.645785528
Muktsar,30.288,74.559,54,0.36909294,-0.7324921,12.51083125
Mumbai City,19.047,72.866,76,0.4391671,-0.1598265,65.3694132
Mumbai Suburban,19.144,72.877,21,0.45037907,0.212631,60.19070917
Munger,25.374,86.474,3,1.320272,0.101031125,2.022111498
Murshidabad,24.165,88.282,4,-0.026379125,-1.3248649,6.434177514
Muzaffarnagar,29.453,77.683,32,0.29539227,-0.10303293,7.57987529
Muzaffarpur,26.114,85.377,13,0.9487439,0.458564,4.887122969
Nadia,23.301,88.546,8,0.58925563,-0.5111078,9.36980577
Nagaon,26.309,92.743,15,-0.044747245,-0.3174496,2.83471519
Nagaur,27.212,73.945,6,1.2812148,1.4180812,4.582144479
Nagpur,21.145,79.08,22,0.10181576,-0.4827786,8.15132029
Nainital,29.293,79.453,17,0.8433688,-0.93071496,4.276559521
Nalanda,25.135,85.435,6,1.3250297,0.45481658,4.934050205
Nalbari,26.445,91.441,13,-0.98800737,-0.75375783,2.106246412
Nalgonda,17.208,79.217,7,0.86963767,-2.2691746,9.557159061
Namakkal,11.324,78.045,37,-0.49134368,-2.3612792,14.35597715
Nanded,19.16,77.315,3,1.2762302,-0.38792202,4.768349424
Nandurbar,21.367,74.24,1,0.04711877,1.0056182,3.036382332
Narayanpur,19.738,81.16,13,0.76208997,-0.76078135,0.123220062
Nashik,19.997,73.791,10,0.16566142,0.28537568,6.622034993
Navsari,20.85,72.917,1,-0.2540506,0.9746065,8.506539792
Nawada,24.844,85.51,7,1.8490418,0.24086566,0.860074495
Nayagarh,20.128,85.096,5,-0.07850651,-0.45446238,2.004995438
Neemuch,24.476,74.862,2,1.8661989,2.1423247,3.336057625
Nizamabad,18.672,78.099,5,1.1308383,-0.9021675,10.05437256
North 24 Parganas,22.68,88.651,18,0.15725723,-0.36382833,9.995203442
North Garo Hills,25.904,90.606,2,-0.31032607,-0.2977089,0.814171205
North Goa,15.497,73.901,14,0.31953675,-1.215388,17.9975364
North Tripura,24.302,92.171,12,0.057747878,1.3909252,2.362724688
Nuapada,20.817,82.533,6,-0.43940613,-0.33384907,0.581077499
Osmanabad,18.012,76.329,2,1.0697042,-0.89343613,5.443223338
Pakur,24.634,87.849,5,0.02079728,-1.102548,1.294442909
Palakkad,10.772,76.682,4,-1.8313249,-1.8615105,8.543592253
Palamu,24.096,84.104,13,1.9964522,0.20648977,0.910349809
Palghar,19.418,72.81,2,0.27562666,-0.013520226,9.063911539
Palwal,28.1,77.319,10,1.3550644,-0.41308528,16.02889525
Panchkula,30.724,76.86,46,0.5113551,0.7625328,15.21266088
Panipat,29.377,76.963,59,0.43760496,-0.24753037,21.93065979
Panna,24.779,80.226,2,1.7305429,-1.2451943,1.125088937
Papum Pare,27.087,93.61,9,-0.824655,-0.08489716,1.061829674
Parbhani,19.268,76.771,1,0.9935931,0.017392708,5.941064392
Pashchim Champaran,26.802,84.503,1,0.73896915,0.4624082,1.226613144
Patan,23.773,72.019,4,0.09609976,2.4309301,3.517756797
Pathanamthitta,9.278,76.767,9,-1.4004654,-2.152637,6.738309378
Pathankot,32.271,75.554,4,0.817986,0.6866405,12.7137091
Patiala,30.342,76.397,110,0.59532946,0.4170314,13.28725331
Patna,25.593,85.132,107,1.287413,0.47407272,8.72656013
Perambalur,11.253,78.876,16,0.45597053,-2.341752,8.857440342
Phek,25.7,94.461,1,0.30807662,-0.1962273,0.087824868
Pilibhit,28.644,79.797,10,0.46317753,-0.68102336,1.176960332
Pithoragarh,29.695,80.197,11,0.15517466,-1.0893867,0.636857254
Poonch,33.694,74.114,145,0.010932274,0.4627172,1.590430846
Porbandar,21.642,69.609,3,-0.7780358,1.4428002,6.584089881
Prakasam,15.54,80.056,20,0.3547287,-2.6352048,5.560865362
Puducherry,11.931,79.824,113,0.6158972,-2.8923948,40.62056806
Pudukkottai,10.368,78.967,52,0.37490672,-2.1472352,9.100907274
Pulwama,33.899,74.959,282,0.46586132,0.016465327,3.508836137
Pune,18.511,73.871,28,0.5151956,-0.6234938,14.23322204
Purba Champaran,26.684,84.904,9,0.9937992,0.47486886,1.564481831
Purba Medinipur,22.076,87.786,3,0.57140076,0.28026006,8.73605655
Puri,19.82,85.765,12,0.1990777,-0.60462356,4.214174821
Purnia,25.817,87.506,2,1.5690535,0.31845462,2.868911279
Raichur,16.205,77.356,16,0.7045958,-2.139886,5.987448187
Raipur,21.204,81.672,9,-0.100376345,-0.5170217,16.68067007
Raisen,23.33,77.781,3,1.978204,-1.0318844,2.433338162
Rajgarh,24.008,76.728,1,1.9415901,0.6939194,2.163820547
Rajkot,22.297,70.837,13,-0.7555119,1.6095653,8.58872252
Rajnandgaon,21.202,80.975,9,0.26012328,-0.46065524,4.17169748
Rajouri,33.241,74.257,127,0.4341689,0.9645994,1.957809531
Rajsamand,25.408,73.98,6,1.3567125,2.2595656,6.199955777
Ramanagara,12.722,77.281,1,-1.3125178,-2.3745196,11.42043149
Ramanathapuram,9.365,78.932,59,0.14831212,-1.973969,6.617476937
Ramban,33.311,75.219,42,0.8384596,0.44006303,2.007837656
Ramgarh,23.572,85.609,5,1.4405757,-0.92599106,11.66107527
Rampur,28.81,79.027,5,0.7099231,-0.6833985,5.738171381
Ranchi,23.346,85.33,91,1.3023608,-1.0270832,4.961737489
Ratlam,23.368,75.021,2,2.0074134,1.5883839,2.175835165
Ratnagiri,17.533,73.509,1,0.89347255,-1.5595239,4.59040931
Rayagada,19.195,83.407,14,0.07545054,-0.2749929,1.054754808
Reasi,33.096,74.849,17,0.50420856,0.4548401,1.653696391
Rewa,24.484,81.365,2,1.7898636,-0.9154693,4.666692607
Rewari,28.217,76.537,25,0.6356458,-0.7752697,18.66156577
Ri Bhoi,26.002,91.872,3,-0.974501,-0.43417317,2.047531299
Rohtak,28.916,76.597,46,0.77758694,-0.25668046,13.7551103
Rohtas,24.978,84.011,10,1.7198329,0.17832582,1.872752967
Rudraprayag,30.362,79.02,3,0.49673757,-0.19639857,0.683170217
Rupnagar,31.019,76.505,24,0.62755597,0.69345397,11.22016836
Sabar Kantha,23.625,73.04,4,0.9294484,2.4406834,4.998454855
Sagar,23.839,78.739,2,2.2232938,-1.0833886,3.419579697
Saharanpur,29.911,77.543,25,0.4364768,0.4995752,4.541081904
Saharsa,25.882,86.602,4,1.1846879,0.45026955,2.896969982
Sahibganj,25.1,87.679,5,0.3997479,-0.63110566,2.111345376
Sahibzada Ajit Singh Nagar,30.676,76.737,70,0.5064163,0.6985045,22.55148184
Salem,11.646,78.2,69,-0.39542958,-2.1969688,14.99386918
Samastipur,25.789,85.777,14,1.3447189,0.50746334,3.437849218
Samba,32.557,75.089,52,0.67940724,0.7269282,12.28455607
Sambalpur,21.457,84.013,10,-0.5920452,-0.6229546,2.624803244
Sambhal,28.543,78.598,7,0.6540876,-0.37970906,4.268158683
Sangli,16.854,74.564,4,0.74262875,-1.3494023,8.573326676
Sangrur,30.223,75.861,132,0.8436118,-0.017453091,11.65342184
Sant Kabir Nagar,26.775,83.067,2,0.32499036,0.16655262,3.482734027
Saran,25.763,84.832,5,0.92868495,0.33582667,5.099450773
Satara,17.686,73.993,1,0.33286038,-1.4310871,7.896417073
Satna,24.577,80.827,3,1.7287332,-1.386075,4.909853703
Sawai Madhopur,26.023,76.344,1,1.1683824,1.0490975,5.521045994
Sehore,23.205,77.085,3,1.9720134,-0.32016593,3.165842714
Senapati,25.099,93.924,8,0.85471493,0.5265805,0.47663567
Seoni,22.085,79.55,2,0.6499236,-1.1263219,1.75139985
Shahdol,23.302,81.356,1,1.54427,-1.3835729,1.431005344
Shahjahanpur,27.88,79.914,10,0.3485145,-0.6043033,2.027785055
Shajapur,23.391,76.428,4,1.8028847,-0.2071678,2.087084629
Sheikhpura,25.14,85.841,2,1.5555924,0.38962123,1.905368298
Sheohar,26.514,85.293,2,0.7127404,0.61154044,1.624377534
Sheopur,25.673,76.696,1,1.4335366,1.133789,0.945224778
Shimla,31.109,77.204,110,0.60340154,0.2601093,2.441220422
Shivpuri,25.199,77.614,2,1.2433414,0.83847284,0.995317513
Shravasti,27.703,81.934,2,0.14875028,-0.45296818,0.996169156
Sidhi,24.396,81.881,1,1.915206,-1.2219387,2.117902857
Sikar,27.641,75.344,10,1.0096234,0.41697025,10.26638099
Simdega,22.628,84.576,11,0.6721437,-0.45516342,0.148758222
Singrauli,24.199,82.664,1,1.907898,-0.37901872,4.287960657
Sirmaur,30.53,77.474,10,0.51942766,0.5455806,4.010932406
Sirsa,29.622,74.915,17,0.45076478,-1.0611151,11.40265065
Sitamarhi,26.596,85.48,4,0.9639286,0.41450787,1.571650439
Sitapur,27.562,80.683,3,0.073702455,-0.69799596,1.306692873
Sivaganga,9.878,78.582,18,0.36720985,-2.1332562,9.026479457
Sivasagar,27.011,94.762,54,-0.5292608,0.19564192,5.828552452
Siwan,26.22,84.357,6,0.9085568,0.18709,2.533777924
Solan,30.937,77.002,16,0.5188345,0.6847112,10.61319202
Solapur,17.672,75.91,2,1.0144962,-0.6892631,9.171256069
Sonbhadra,24.194,82.792,1,2.0205858,-0.17742221,2.60907212
Sonipat,28.993,77.012,32,0.5290963,-0.39569962,16.65047093
Sonitpur,26.677,92.717,21,-0.3282939,-0.10729877,2.27114308
South 24 Parganas,22.423,88.569,29,0.25637496,-0.04262493,9.614007067
South Andaman,11.666,92.746,4,-0.18243292,0.19439732,1.936484523
South Garo Hills,25.224,90.617,9,-0.93285185,-0.04353356,0.441422498
South Goa,15.271,73.936,7,0.22903611,-1.1777714,10.73267025
South Tripura,23.229,91.509,8,0.18909244,1.8059605,4.328098146
South West Khasi Hills,25.362,91.455,1,-0.6625234,0.2543629,0.213992052
Srikakulam,18.363,83.848,7,0.6151503,-0.68232834,5.572047873
Srinagar,34.085,74.806,376,0.21061999,-0.2625714,12.7416828
Sukma,18.309,81.47,33,0.7989054,-1.4455134,0.115763287
Sultanpur,26.265,82.113,5,0.40797415,-0.12726595,1.838284973
Sundargarh,22.161,84.295,7,0.23832586,-0.5623202,3.014030084
Supaul,26.178,86.617,3,1.248897,0.3930243,3.353701553
Surajpur,23.213,82.868,1,1.5816848,-0.2118734,2.016937195
Surat,21.193,72.836,28,-0.1866726,1.5719768,15.88991383
Surendranagar,22.809,71.53,6,-0.30995175,2.1379795,4.255773987
Tamenglong,24.892,93.456,13,0.96848965,1.102635,0.379755433
Tapi,21.111,73.394,2,-0.019065948,1.264112,4.572451101
Tarn Taran,31.393,74.898,58,0.782815,0.13788207,13.8695878
Tehri Garhwal,30.396,78.47,4,0.5463845,0.1437974,3.085896205
Thane,19.225,73.05,21,0.29685873,-0.11214973,16.74212907
Thanjavur,10.814,79.209,65,0.91773933,-2.212859,12.75740913
Theni,9.967,77.455,24,-1.2603376,-2.112109,7.496372204
Thiruvananthapuram,8.484,76.963,114,-0.73575675,-2.4330854,19.3918844
Thoubal,24.597,93.996,41,0.89129597,1.1486748,2.967237562
Thrissur,10.517,76.173,17,-1.6385174,-2.1685238,13.00453589
Tikamgarh,24.946,78.769,3,1.6944083,-0.17103086,3.373859974
Tinsukia,27.512,95.499,65,-1.3081493,0.010643284,6.879039705
Tirap,26.993,95.501,2,-0.35089585,0.37795356,0.170141274
Tiruchirappalli,10.819,78.647,103,-0.12846404,-2.1373858,12.74759662
Tirunelveli,8.777,77.635,73,-0.83751506,-2.0500329,11.72615236
Tiruppur,11.101,77.34,40,-1.8254611,-2.0287597,13.9112102
Tiruvannamalai,12.178,79.114,31,0.12143809,-2.1944325,8.809888815
Tonk,26.166,75.788,2,1.7106838,1.4776828,2.651681846
Tuensang,26.237,95.045,2,0.49120373,0.010507257,0.076597776
Udaipur,24.571,73.692,13,1.2538046,2.3291557,3.653087697
Udalguri,26.719,92.091,19,-0.6968682,-0.8204997,2.107316785
Udham Singh Nagar,29.021,79.374,10,0.587693,-0.8841455,12.42313838
Udhampur,32.941,75.154,23,0.68088776,0.7095245,2.998344328
Udupi,13.311,74.767,30,-1.4365293,-2.7264192,6.119924117
Ujjain,23.182,75.776,9,1.8850229,0.93124276,3.310558995
Ukhrul,24.977,94.4,18,0.42178005,0.34954304,0.058050558
Umaria,23.531,80.829,1,1.4994249,-1.4434164,1.249461007
Una,31.495,76.244,13,0.66539407,0.7572129,7.863862519
Unnao,26.547,80.488,3,0.8099224,-0.70489377,2.208596027
Uttar Dinajpur,26.031,88.195,8,1.9362637,0.5325001,7.383644223
Uttara Kannada,14.342,74.527,5,-0.43353793,-1.9719431,2.627097717
Uttarkashi,30.657,78.377,2,0.57752013,0.039093148,0.254465165
Vadodara,22.279,73.227,20,0.70997345,2.149459,12.24669803
Vaishali,25.678,85.35,6,1.2812494,0.6139826,4.820784301
Varanasi,25.315,83.003,25,1.863607,-0.8288775,11.34505654
Vellore,12.851,79.051,40,-0.3156189,-2.1664302,11.72759112
Vidisha,23.526,77.811,2,2.120837,-0.12521063,1.319453732
Viluppuram,11.977,79.539,4,0.38719985,-2.514487,11.56374551
Visakhapatnam,17.743,83.089,44,0.73918116,-1.3822551,6.197726246
Vizianagaram,18.117,83.411,3,0.6506274,-0.81878,5.152457361
Warangal,18.579,79.526,4,1.1944925,-1.5545222,7.451310797
Wardha,20.736,78.659,1,0.24007793,-0.4476408,5.178414279
Wayanad,11.622,76.124,5,-2.102069,-2.4814374,5.282365268
West Garo Hills,25.489,90.203,9,-0.6112754,-0.20496438,0.44604399
West Godavari,16.566,81.421,8,0.81773704,-1.8140365,8.802082213
West Khasi Hills,25.52,91.165,4,-1.0615972,0.058637477,0.486970327
West Siang,27.999,94.766,3,-0.6900709,-0.39198542,0.034596394
West Tripura,23.848,91.345,74,-0.19681694,1.5017648,13.58995862
Wokha,26.091,94.259,2,0.23377565,-0.2530366,0.359183786
Yadgir,16.787,77.155,9,1.0145363,-1.7926869,6.211544433
Yamunanagar,30.14,77.279,29,0.5437801,0.67003524,13.1412147
Yavatmal,20.393,78.132,1,0.8442607,-0.15696871,5.077615717
Zunheboto,25.97,94.52,1,0.3722575,-0.12697028,0.205503647
